Workbook

Sheet Table (paste)
A1: Q | B1: Key | C1: Full Ctx | D1: Cosine | E1: ET-RAG
A2: 1 | B2: ='Per run detail'!B2 | C2: ='Per run detail'!I2 | D2: ='Per run detail'!Q2 | E2: ='Per run detail'!Y2
A3: 2 | B3: ='Per run detail'!B3 | C3: ='Per run detail'!I3 | D3: ='Per run detail'!Q3 | E3: ='Per run detail'!Y3
A4: 3 | B4: ='Per run detail'!B4 | C4: ='Per run detail'!I4 | D4: ='Per run detail'!Q4 | E4: ='Per run detail'!Y4
A5: 4 | B5: ='Per run detail'!B5 | C5: ='Per run detail'!I5 | D5: ='Per run detail'!Q5 | E5: ='Per run detail'!Y5
A6: 5 | B6: ='Per run detail'!B6 | C6: ='Per run detail'!I6 | D6: ='Per run detail'!Q6 | E6: ='Per run detail'!Y6
A7: 6 | B7: ='Per run detail'!B7 | C7: ='Per run detail'!I7 | D7: ='Per run detail'!Q7 | E7: ='Per run detail'!Y7
A8: 7 | B8: ='Per run detail'!B8 | C8: ='Per run detail'!I8 | D8: ='Per run detail'!Q8 | E8: ='Per run detail'!Y8
A9: 8 | B9: ='Per run detail'!B9 | C9: ='Per run detail'!I9 | D9: ='Per run detail'!Q9 | E9: ='Per run detail'!Y9
A10: 9 | B10: ='Per run detail'!B10 | C10: ='Per run detail'!I10 | D10: ='Per run detail'!Q10 | E10: ='Per run detail'!Y10
A11: 10 | B11: ='Per run detail'!B11 | C11: ='Per run detail'!I11 | D11: ='Per run detail'!Q11 | E11: ='Per run detail'!Y11
A12: Correctness | C12: =AVERAGE(C2:C11) | D12: =AVERAGE(D2:D11) | E12: =AVERAGE(E2:E11)
A14: Mean of 3 independent runs of the updated code; all three agents answered the same questions in the same runs. Strict partial credit: any incorrect option = 0, otherwise correct options selected / correct options. Selected options for every run are on 'Per run detail'.

Sheet Per run detail
A1: Q | B1: Key | C1: Full Ctx picks run 1 | D1: Full Ctx picks run 2 | E1: Full Ctx picks run 3 | F1: Full Ctx score run 1 | G1: Full Ctx score run 2 | H1: Full Ctx score run 3 | I1: Full Ctx Mean | J1: Full Ctx SD | K1: Cosine picks run 1 | L1: Cosine picks run 2 | M1: Cosine picks run 3 | N1: Cosine score run 1 | O1: Cosine score run 2 | P1: Cosine score run 3 | Q1: Cosine Mean | R1: Cosine SD | S1: ET-RAG picks run 1 | T1: ET-RAG picks run 2 | U1: ET-RAG picks run 3 | V1: ET-RAG score run 1 | W1: ET-RAG score run 2 | X1: ET-RAG score run 3 | Y1: ET-RAG Mean | Z1: ET-RAG SD
A2: 1 | B2: A,B,C | C2: A,B,C | D2: A,B,C | E2: A,B,C | F2: 1 | G2: 1 | H2: 1 | I2: =AVERAGE(F2:H2) | J2: =STDEV(F2:H2) | K2: A,B,C | L2: A,B,C | M2: A,B,C | N2: 1 | O2: 1 | P2: 1 | Q2: =AVERAGE(N2:P2) | R2: =STDEV(N2:P2) | S2: A,B,C | T2: A,B,C | U2: A,B,C | V2: 1 | W2: 1 | X2: 1 | Y2: =AVERAGE(V2:X2) | Z2: =STDEV(V2:X2)
A3: 2 | B3: A,B,C,D | C3: NONE | D3: A | E3: A | F3: 0 | G3: 0.25 | H3: 0.25 | I3: =AVERAGE(F3:H3) | J3: =STDEV(F3:H3) | K3: C,D | L3: C,D | M3: C | N3: 0.5 | O3: 0.5 | P3: 0.25 | Q3: =AVERAGE(N3:P3) | R3: =STDEV(N3:P3) | S3: A,C,D | T3: A,C,D | U3: A,C,D | V3: 0.75 | W3: 0.75 | X3: 0.75 | Y3: =AVERAGE(V3:X3) | Z3: =STDEV(V3:X3)
A4: 3 | B4: A,B,C | C4: C | D4: C | E4: NONE | F4: 0.33333333 | G4: 0.33333333 | H4: 0 | I4: =AVERAGE(F4:H4) | J4: =STDEV(F4:H4) | K4: NONE | L4: NONE | M4: NONE | N4: 0 | O4: 0 | P4: 0 | Q4: =AVERAGE(N4:P4) | R4: =STDEV(N4:P4) | S4: A | T4: A | U4: A | V4: 0.33333333 | W4: 0.33333333 | X4: 0.33333333 | Y4: =AVERAGE(V4:X4) | Z4: =STDEV(V4:X4)
A5: 4 | B5: A,B,C | C5: NONE | D5: NONE | E5: NONE | F5: 0 | G5: 0 | H5: 0 | I5: =AVERAGE(F5:H5) | J5: =STDEV(F5:H5) | K5: C | L5: A | M5: A | N5: 0.33333333 | O5: 0.33333333 | P5: 0.33333333 | Q5: =AVERAGE(N5:P5) | R5: =STDEV(N5:P5) | S5: A,B,C | T5: A,B,C | U5: A,B,C | V5: 1 | W5: 1 | X5: 1 | Y5: =AVERAGE(V5:X5) | Z5: =STDEV(V5:X5)
A6: 5 | B6: A,B,D | C6: C,D | D6: C,D | E6: C,D | F6: 0 | G6: 0 | H6: 0 | I6: =AVERAGE(F6:H6) | J6: =STDEV(F6:H6) | K6: C,D | L6: D | M6: D | N6: 0 | O6: 0.33333333 | P6: 0.33333333 | Q6: =AVERAGE(N6:P6) | R6: =STDEV(N6:P6) | S6: B,C,D | T6: B,C,D | U6: B,C,D | V6: 0 | W6: 0 | X6: 0 | Y6: =AVERAGE(V6:X6) | Z6: =STDEV(V6:X6)
A7: 6 | B7: A,B,D | C7: A,B,C,D | D7: A,B,C,D | E7: A,B,C,D | F7: 0 | G7: 0 | H7: 0 | I7: =AVERAGE(F7:H7) | J7: =STDEV(F7:H7) | K7: A,B,C,D | L7: A,B,C,D | M7: A,B,C,D | N7: 0 | O7: 0 | P7: 0 | Q7: =AVERAGE(N7:P7) | R7: =STDEV(N7:P7) | S7: A,B,D | T7: A,B,D | U7: A,B,D | V7: 1 | W7: 1 | X7: 1 | Y7: =AVERAGE(V7:X7) | Z7: =STDEV(V7:X7)
A8: 7 | B8: A,B,C | C8: C | D8: C | E8: C | F8: 0.33333333 | G8: 0.33333333 | H8: 0.33333333 | I8: =AVERAGE(F8:H8) | J8: =STDEV(F8:H8) | K8: A,B,C | L8: A,B,C | M8: A,B,C | N8: 1 | O8: 1 | P8: 1 | Q8: =AVERAGE(N8:P8) | R8: =STDEV(N8:P8) | S8: A,B,C | T8: A,B,C | U8: A,B,C | V8: 1 | W8: 1 | X8: 1 | Y8: =AVERAGE(V8:X8) | Z8: =STDEV(V8:X8)
A9: 8 | B9: A,C | C9: A | D9: A | E9: A | F9: 0.5 | G9: 0.5 | H9: 0.5 | I9: =AVERAGE(F9:H9) | J9: =STDEV(F9:H9) | K9: B,C | L9: B,C | M9: B,C | N9: 0 | O9: 0 | P9: 0 | Q9: =AVERAGE(N9:P9) | R9: =STDEV(N9:P9) | S9: A,C | T9: A,B,C | U9: A,B,C | V9: 1 | W9: 0 | X9: 0 | Y9: =AVERAGE(V9:X9) | Z9: =STDEV(V9:X9)
A10: 9 | B10: A,B,C | C10: A,B | D10: A,B | E10: A,B | F10: 0.66666667 | G10: 0.66666667 | H10: 0.66666667 | I10: =AVERAGE(F10:H10) | J10: =STDEV(F10:H10) | K10: A,B | L10: A,B | M10: A,B | N10: 0.66666667 | O10: 0.66666667 | P10: 0.66666667 | Q10: =AVERAGE(N10:P10) | R10: =STDEV(N10:P10) | S10: A,B | T10: A,B | U10: A,B | V10: 0.66666667 | W10: 0.66666667 | X10: 0.66666667 | Y10: =AVERAGE(V10:X10) | Z10: =STDEV(V10:X10)
A11: 10 | B11: A,B,C | C11: B | D11: B | E11: B | F11: 0.33333333 | G11: 0.33333333 | H11: 0.33333333 | I11: =AVERAGE(F11:H11) | J11: =STDEV(F11:H11) | K11: B | L11: B | M11: B | N11: 0.33333333 | O11: 0.33333333 | P11: 0.33333333 | Q11: =AVERAGE(N11:P11) | R11: =STDEV(N11:P11) | S11: B,D | T11: B,D | U11: B,D | V11: 0 | W11: 0 | X11: 0 | Y11: =AVERAGE(V11:X11) | Z11: =STDEV(V11:X11)
A12: Correctness | I12: =AVERAGE(I2:I11) | Q12: =AVERAGE(Q2:Q11) | Y12: =AVERAGE(Y2:Y11)
